{
    "rmse": 0.7641884582997706,
    "mae": 0.6084406043649035,
    "r2": 0.14242960490681733
}